,Title,Date,Likes,Image_url
0,Taylor Swift's Spectacular Tour Sparks Unprecedented Hotel Booking Surge in Buenos Aires,"November 23, 2023",5 likes,https://rategaincom.wpenginepowered.com/wp-content/uploads/2023/11/swiftie-effect-buenos-aires-scaled.jpg
1,A Complete Guide to Hotel Revenue Management,"November 22, 2023",2 likes,https://rategaincom.wpenginepowered.com/wp-content/uploads/2023/11/A-Complete-Guide-to-Hotel-Revenue-Management.png
2,The Ultimate Guide to Choosing the Right Hotel Booking Engine,"November 22, 2023",3 likes,https://rategaincom.wpenginepowered.com/wp-content/uploads/2023/11/The-Ultimate-Guide-to-Choosing-the-Right-Hotel-Booking-Engine.png
3,"Maximize Your Hotel’s Exposure with Google AdSense’s New ""Related Search"" Feature in Auto Ads","October 20, 2023",32 likes,https://rategaincom.wpenginepowered.com/wp-content/uploads/2023/10/Google-AdSenses-New-Related-Search-Feature-in-Auto-Ads.png
4,Beyond Reach & Frequency: Hotels' New Era with Facebook's 'Reservation' Buying Type,"October 12, 2023",17 likes,https://rategaincom.wpenginepowered.com/wp-content/uploads/2023/10/Transforming-with-Facebooks-Reservation-BUYING-Strategy.png
5,Managing Overbookings and Cancellations with Hotel Booking Engines,"October 5, 2023",12 likes,https://rategaincom.wpenginepowered.com/wp-content/uploads/2023/10/Overbookings-Cancellations-Not-a-Problem-with-Modern-Hotel-Booking-Engines.png
6,Global Distribution System (GDS) vs. Channel Manager: Which is Right for Your Hotel,"October 1, 2023",11 likes,https://rategaincom.wpenginepowered.com/wp-content/uploads/2023/10/Hotel-Distribution-Done-Right-Choosing-between-GDS-and-Channel-Manager.png
7,Why Bing Hotel Ads Should Be in Your Marketing Mix,"September 28, 2023",9 likes,https://rategaincom.wpenginepowered.com/wp-content/uploads/2023/09/Bing-Hotel-Ads-Your-Hotels-Secret-Revenue-Booster.png
8,Unlocking Top Travel Destinations in Egypt: A Hotelier's Playbook,"September 25, 2023",7 likes,https://rategaincom.wpenginepowered.com/wp-content/uploads/2023/09/Unlocking-Top-Travel-Destinations-in-Egypt-A-Hoteliers-Playbook.jpg
9,Shaping Success in Egypt's Dynamic Hospitality Landscape: A Roadmap for Hoteliers,"September 22, 2023",7 likes,https://rategaincom.wpenginepowered.com/wp-content/uploads/2023/09/Shaping-Success-in-Egypts-Dynamic-Hospitality-Landscape.jpg
10,Checking In to a Greener Future: Renewable Energy in Hotels,"September 15, 2023",6 likes,https://rategaincom.wpenginepowered.com/wp-content/uploads/2023/09/Powering-Hospitality-How-Renewable-Energy-Is-Reshaping-Hotels.png
11,Sustaining Communities: The Role of Travel Sellers in Sustainable Tourism,"September 14, 2023",6 likes,https://rategaincom.wpenginepowered.com/wp-content/uploads/2023/09/How-Travel-Sellers-Support-Local-Economies.png
12,Flowing Towards Sustainability: Water Conservation in Hotels,"September 11, 2023",6 likes,https://rategaincom.wpenginepowered.com/wp-content/uploads/2023/09/Drip-by-Drip-How-Hotels-Are-Leading-the-Way-in-Water-Conservation.png
13,Eco-Friendly Practices in Vacation Rentals: A Win-Win for Guests and the Environment,"September 10, 2023",7 likes,https://rategaincom.wpenginepowered.com/wp-content/uploads/2023/09/Eco-friendly-practices-in-Vacation-Rentals.png
14,Zero-Waste Travel: A Sustainable Path to Explore the World,"September 9, 2023",6 likes,https://rategaincom.wpenginepowered.com/wp-content/uploads/2023/09/Trash-to-Treasures-Zero-Waste-Travelers-Handbook.png
15,Building a Greener Future: Sustainable Supply Chain Management in Hotels,"September 8, 2023",5 likes,https://rategaincom.wpenginepowered.com/wp-content/uploads/2023/09/Hotel-Sustainable-Supply-Chain-Strategies.png
16,Airline Sustainability Initiatives: How Airlines are Going Green,"September 7, 2023",4 likes,https://rategaincom.wpenginepowered.com/wp-content/uploads/2023/09/Airlines-Sustainable-Innovations.png
17,Exploring Eco-Tourism: Where Nature Meets Responsible Travel,"September 6, 2023",6 likes,https://rategaincom.wpenginepowered.com/wp-content/uploads/2023/09/Embrace-Eco-Tourism-Your-Passport-to-Sustainable-Wanderlust.png
18,Measuring and Reporting Sustainability Impact: Metrics for Hotels and Travel Sellers,"September 6, 2023",4 likes,https://rategaincom.wpenginepowered.com/wp-content/uploads/2023/09/Measuring-and-Reporting-Sustainability-Impact.png
19,Reducing Carbon Footprint: Sustainable Practices for Tour Operators,"September 5, 2023",6 likes,https://rategaincom.wpenginepowered.com/wp-content/uploads/2023/09/Sustainable-Practices-for-Tour-Operators.png
20,Preserving Paradise: Biodiversity Conservation in Travel,"September 4, 2023",5 likes,https://rategaincom.wpenginepowered.com/wp-content/uploads/2023/09/Wings-and-Wonders-Biodiversity-Conservation-in-Tourism.png
21,"How Green is your Hotel? Do Good and Show it to the World – on Google, for Example","September 3, 2023",7 likes,https://rategaincom.wpenginepowered.com/wp-content/uploads/2023/09/Green-Hotel-Badge-for-Sustainable-Accommodations.png
22,The Digital Evolution of UK Hospitality: A Historic Journey From Keys to Clicks,"September 1, 2023",7 likes,https://rategaincom.wpenginepowered.com/wp-content/uploads/2023/09/Evolution-of-UK-Hospitality.png
23,Driving Green: The Future of Sustainable Car Rentals,"September 1, 2023",6 likes,https://rategaincom.wpenginepowered.com/wp-content/uploads/2023/10/Driving-Green-The-Future-of-Sustainable-Car-Rentals.png
24,Taste the Future: Sustainable Food Practices in Hotels and Restaurants,"September 1, 2023",6 likes,https://rategaincom.wpenginepowered.com/wp-content/uploads/2023/09/Taste-the-Future-Sustainable-Food-Practices-in-Hospitality.png
25,The Heart of Travel: DMOs and Their Impact on Local Economies,"September 1, 2023",8 likes,https://rategaincom.wpenginepowered.com/wp-content/uploads/2023/10/The-DMO-Effect-Enhancing-Tourisms-Role-in-Local-Economies.png
26,Social Media Meets Google Business Profile: Here's Why You Should Care,"August 21, 2023",5 likes,https://rategaincom.wpenginepowered.com/wp-content/uploads/2023/08/Your-Hotels-Social-Media-Just-Got-Google-fied-Google-Business-Profile.webp
27,Connect the Dots: Decoding Common Hotel System Connectivity Challenges,"August 18, 2023",5 likes,https://rategaincom.wpenginepowered.com/wp-content/uploads/2023/08/The-Hidden-Costs-of-Poor-Hotel-System-Connectivity.png
28,GA4's New User Data Export to BigQuery: Your Key to Hyper-Personalized Hotel Marketing,"August 17, 2023",5 likes,https://rategaincom.wpenginepowered.com/wp-content/uploads/2023/08/Google-Analytics-4-Rolls-Out-New-User-Data-Export-To-BigQuery.webp
29,How AI and Machine Learning are Shaping Hotel Search Engines,"August 16, 2023",5 likes,https://rategaincom.wpenginepowered.com/wp-content/uploads/2023/08/Role-of-AI-Ml-in-Hotel-Search-Engines.webp
30,Unpacking Global DE&I Pillars: A Strategy for Inclusivity,"August 16, 2023",5 likes,https://rategaincom.wpenginepowered.com/wp-content/uploads/2023/08/DE-I-RG.webp
31,"The Evolution of Hotel Search Engines: Past, Present, and Future","August 15, 2023",5 likes,https://rategaincom.wpenginepowered.com/wp-content/uploads/2023/08/evolution-of-hotel-search-engines.webp
32,From Green Revolution to Space Exploration: 75 Innovations Propelling India Beyond 75,"August 14, 2023",6 likes,https://rategaincom.wpenginepowered.com/wp-content/uploads/2023/08/India-beyond-75.webp
33,Going Green: How Hotel Search Engines are Championing the Cause of Sustainable Travel,"August 10, 2023",3 likes,https://rategaincom.wpenginepowered.com/wp-content/uploads/2023/08/How-Hotel-Search-Engines-are-Supporting-Sustainable-Travel.webp
34,Get Noticed: The Smart Hotelier's Guide to Google's Filtered Search Carousel,"August 9, 2023",3 likes,https://rategaincom.wpenginepowered.com/wp-content/uploads/2023/08/Google_s-New-Hotel-Search-Carousel.webp
35,Understanding the Mechanics of Hotel Search Engines,"August 9, 2023",4 likes,https://rategaincom.wpenginepowered.com/wp-content/uploads/2023/08/Understanding-the-Mechanics-of-Hotel-Search-Engines.webp
36,Hospitality in the Digital Age: Software Breakthroughs and What's Next,"August 8, 2023",5 likes,https://rategaincom.wpenginepowered.com/wp-content/uploads/2023/08/Hospitality-in-the-Digital-Age-Softwares-for-Hotel-Success.webp
37,Gaining a Competitive Edge at Every Stage of the Traveler Journey,"August 4, 2023",5 likes,https://rategaincom.wpenginepowered.com/wp-content/uploads/2023/08/The-Heart-of-Hospitality-A-Guide-to-Outshine-Competitors-at-Every-Traveler-Touchpoint.webp
38,Elevate Your Hotel's Performance with Revenue Management Analytics,"August 4, 2023",5 likes,https://rategaincom.wpenginepowered.com/wp-content/uploads/2023/08/Fine-Tuning-Your-Hotels-Strategy-The-Art-of-Revenue-Management-Analytics.webp
39,How Hotels Can Stay Ahead in the Dynamic Hospitality Industry,"August 4, 2023",6 likes,https://rategaincom.wpenginepowered.com/wp-content/uploads/2023/08/How-Hotels-Can-Stay-Ahead-in-Dynamic-Hospitality-Industry.webp
40,What is Hospitality Management? Why is it Important?,"August 1, 2023",5 likes,https://rategaincom.wpenginepowered.com/wp-content/uploads/2023/08/Hospitality-Management-Unraveled-Journey-of-Experiences.png
41,Has 'The Swiftie Fever' Opened New Travel Avenues In the U.S.,"August 1, 2023",5 likes,https://rategaincom.wpenginepowered.com/wp-content/uploads/2023/08/Has-_The-Swiftie-Fever_-Opened-New-Travel-Avenues-In-the-U.S.webp
42,How to Make Technology Partnerships Successful for Hotels,"July 21, 2023",7 likes,https://rategaincom.wpenginepowered.com/wp-content/uploads/2023/07/Strategies-to-Succeed-with-Technological-Partnerships-in-Hospitality.webp
43,AI and Machine Learning – Who Will Lead the Change and What Will it Look Like?,"July 20, 2023",7 likes,https://rategaincom.wpenginepowered.com/wp-content/uploads/2023/07/AI-Machine-Learning-Who-Will-Lead-the-Change.webp
44,Large Hotel Chains Can Move Fast Too: 10 Ideas To Implement Today,"July 18, 2023",5 likes,https://rategaincom.wpenginepowered.com/wp-content/uploads/2023/07/Strategies-for-Big-Hotel-Chains-to-Stay-Ahead.webp
45,The Basics of Distribution for Hotel Chains,"July 18, 2023",5 likes,https://rategaincom.wpenginepowered.com/wp-content/uploads/2023/07/Mastering-the-Distribution-Game-for-Big-Hotel-Chains.png
46,Supercharging Hotel Bookings: The Game-Changing Benefits of Metasearch Marketing,"July 18, 2023",5 likes,https://rategaincom.wpenginepowered.com/wp-content/uploads/2023/07/The-Game-Changing-Benefits-of-Metasearch-Marketing.webp
47,The Tech-Stack Needed by OTAs to Scale Your BI Capabilities,"July 17, 2023",5 likes,https://rategaincom.wpenginepowered.com/wp-content/uploads/2023/07/Techology-Stack-Needed-by-OTAs.webp
48,The Future of Rate Parity in the Hospitality Industry,"July 17, 2023",6 likes,https://rategaincom.wpenginepowered.com/wp-content/uploads/2023/07/The-Future-of-rate-parity-in-hospitality.webp
49,How Hotel Pricing is Going to Change in the Age of AI,"July 12, 2023",5 likes,https://rategaincom.wpenginepowered.com/wp-content/uploads/2023/07/HOW-PRICING-WILL-CHANGE-IN-the-AGE-OF-AI.webp
50,Leveraging Instagram Threads for the Travel and Hospitality Industry,"July 10, 2023",5 likes,https://rategaincom.wpenginepowered.com/wp-content/uploads/2023/07/Leveraging-Instagram-Threads-for-the-Travel-and-Hospitality-Industry.webp
51,Calling All Hoteliers: Unleash the Power of GA4 for Optimal Performance,"July 7, 2023",7 likes,https://rategaincom.wpenginepowered.com/wp-content/uploads/2023/07/GA4.webp
52,Green Gold: Sustainable Hotels Shaping Profitable and Responsible Hospitality,"July 3, 2023",6 likes,https://rategaincom.wpenginepowered.com/wp-content/uploads/2023/07/Sustainable-Hotels.webp
53,Managing Hotel Cancellations: Strategies to Optimize Revenue and Guest Satisfaction,"June 28, 2023",4 likes,https://rategaincom.wpenginepowered.com/wp-content/uploads/2023/07/Managing-Cancellations-to-Optimize-Revenue-_-Guest-Satisfaction.webp
54,Big Data: The Game Changer in Hospitality Industry,"June 27, 2023",5 likes,https://rategaincom.wpenginepowered.com/wp-content/uploads/2023/06/Hotel-Big-Data-Analytics.webp
55,Unveiling the Hotel Challenges: Navigating Obstacles in the Dynamic Hospitality Landscape,"June 26, 2023",5 likes,https://rategaincom.wpenginepowered.com/wp-content/uploads/2023/06/Unveiling-the-Hotel-Challenges-Navigating-Obstacles-in-Dynamic-Hospitality-Landscape.webp
56,Distribution Challenges for Hotels in Latin America,"June 23, 2023",5 likes,https://rategaincom.wpenginepowered.com/wp-content/uploads/2023/06/Distribution-Challenges-for-Hotels-in-Latin-America.webp
57,Navigating Hotel Distribution Challenges with Technology and Strategy,"June 22, 2023",7 likes,https://rategaincom.wpenginepowered.com/wp-content/uploads/2023/06/Cracking-Distribution-Code-Navigating-Challenges-with-Technology-and-Strategy.webp
58,What Does Digital Foundation in Hospitality Look Like,"June 20, 2023",6 likes,https://rategaincom.wpenginepowered.com/wp-content/uploads/2023/06/Digital-foundation-in-hotel-industry.webp
59,Effective Hotel Pricing Strategies To Maximize Revenue During Low Demand Periods,"June 13, 2023",6 likes,https://rategaincom.wpenginepowered.com/wp-content/uploads/2023/06/Effective-Hotel-Pricing-Strategies-During-Low-Demand-Periods.webp
60,The Power of Allyship: Building Bridges of Support and Inclusion,"June 12, 2023",6 likes,https://rategaincom.wpenginepowered.com/wp-content/uploads/2023/06/allyship.webp
61,Mastering Success: Hotel Revenue Management Strategies for Optimal Growth,"June 11, 2023",5 likes,https://rategaincom.wpenginepowered.com/wp-content/uploads/2023/06/Unlocking-Success-Strategies-for-Hotel-Revenue-Management-Hotel.webp
62,Solving the Challenge of Overbooking in Hotels: Strategies for Seamless Guest Experience,"June 10, 2023",6 likes,https://rategaincom.wpenginepowered.com/wp-content/uploads/2023/06/Solving-the-Challenge-of-Overbooking-in-Hotels.webp
63,Navigating the Highs and Lows: Managing Hotel Demand During Special Events,"June 9, 2023",6 likes,https://rategaincom.wpenginepowered.com/wp-content/uploads/2023/06/Revenue-Management-Managing-Hotel-Demand-During-Special-Events.webp
64,The Impact of Weather on Hotel Demand: Leveraging Insights for Success,"June 9, 2023",6 likes,https://rategaincom.wpenginepowered.com/wp-content/uploads/2023/06/Revenue-Management-The-Impact-of-Weather-on-Hotel-Demand.webp
65,Inside Google Marketing Live 2023: AI-Powered Innovations & What They Mean for the Hotel Industry,"June 8, 2023",6 likes,https://rategaincom.wpenginepowered.com/wp-content/uploads/2023/06/AI-Powered-Innovations-for-the-Hotel-Industry.jpg
66,Hotel Loyalty Programs: Building Customer Loyalty and Maximizing Rewards,"June 8, 2023",6 likes,https://rategaincom.wpenginepowered.com/wp-content/uploads/2023/06/Unlock-the-Secrets-of-Hotel-Loyalty-Programs.webp
67,The Impact of Seasonality on Hotel Revenue: Understanding the Highs and Lows,"June 8, 2023",7 likes,https://rategaincom.wpenginepowered.com/wp-content/uploads/2023/06/Revenue-Management-Impact-of-Seasonality-on-Revenue.webp
68,Walking the Tight Rope: High Hotel ADR and Low Distribution Cost,"June 7, 2023",7 likes,https://rategaincom.wpenginepowered.com/wp-content/uploads/2016/12/Industry-Statistics-ADR.webp
69,The Role of Central Reservation Systems in Efficient Hotel Inventory Distribution,"June 7, 2023",7 likes,https://rategaincom.wpenginepowered.com/wp-content/uploads/2023/06/Inventory-Management-The-Role-of-CRS-in-Efficient-Hotel-Inventory-Distribution.webp
70,The History of Pride Month: Celebrating Love and Equality,"June 5, 2023",5 likes,https://rategaincom.wpenginepowered.com/wp-content/uploads/2023/06/pride-month-history.webp
71,A Comprehensive Guide to Cloud Computing for Hotels: Transforming the Hospitality Industry,"June 5, 2023",5 likes,https://rategaincom.wpenginepowered.com/wp-content/uploads/2023/06/Hotel-Technology-4-A-Comprehensive-Guide-to-Cloud-Computing-for-Hotels.webp
72,Unlock the Power of a Hotel Central Reservation System,"June 1, 2023",6 likes,https://rategaincom.wpenginepowered.com/wp-content/uploads/2023/06/Distribution-Understanding-Hotel-Central-Reservation-System-Streamlining-Operations-a.webp
73,Data and Analytics Can Help You Distribute Your Hotel Inventory Effectively & Run Hotel Profitably,"May 26, 2023",5 likes,https://rategaincom.wpenginepowered.com/wp-content/uploads/2017/09/Hotel-Technology-3-Leveraging-Data-and-Analytics-to-Distribute-Your-Hotel-Inventory-Effectively.webp
74,Data-Driven Excellence: Maximizing Performance with Hotel Data Analytics,"May 26, 2023",7 likes,https://rategaincom.wpenginepowered.com/wp-content/uploads/2023/05/Hotel-Technology-2-Data-Driven-Excellence-Maximizing-Performance-with-Hotel-Data-Analytics.webp
75,Driving Higher Hotel Occupancy Rates: Implementing Effective Strategies,"May 25, 2023",7 likes,https://rategaincom.wpenginepowered.com/wp-content/uploads/2023/05/Driving-Higher-Hotel-Occupancy-Rates.webp
76,The Complete Guide to Hotel Digital Marketing: Boost Your Online Presence and Drive Bookings,"May 24, 2023",7 likes,https://rategaincom.wpenginepowered.com/wp-content/uploads/2023/01/Hotel-Digital-Marketing-Boost-Your-Online-Presence-_-Drive-Bookings.webp
77,What is a Global Distribution System (GDS)? How does it Benefit Your Hotel?,"May 23, 2023",8 likes,https://rategaincom.wpenginepowered.com/wp-content/uploads/2022/12/Distribution-What-is-a-Global-Distribution-System-GDS-How-does-it-Benefit-Your-Hotel.webp
78,Unleashing the Power of Hotel Technology: The Game Changer in Tech-Savvy Hospitality,"May 23, 2023",5 likes,https://rategaincom.wpenginepowered.com/wp-content/uploads/2023/05/Hotel-Technology-1-The-Power-of-Hotel-Technology.webp
79,Unlocking Profitability: An Introduction to Hotel Revenue Management,"May 23, 2023",4 likes,https://rategaincom.wpenginepowered.com/wp-content/uploads/2023/05/Revenue-Management-Unlocking-Profitability-with-Hotel-Revenue-Management.webp
80,Why Should All Destinations Have a Destination Marketing Organization (DMO)?,"May 22, 2023",2 likes,https://rategaincom.wpenginepowered.com/wp-content/uploads/2023/05/Destination-Marketing-2-Why-Should-all-Destinations-have-a-DMO.webp
81,"Destination Marketing Organization: Its Roles, Importance, and Benefits in the Hospitality Industry","May 22, 2023",2 likes,https://rategaincom.wpenginepowered.com/wp-content/uploads/2023/05/Destination-Marketing-1-What-are-DMOs.webp
82,"Difference Between a Hotel PMS, Channel Manager, OTAs, and Booking Engine","May 22, 2023",5 likes,https://rategaincom.wpenginepowered.com/wp-content/uploads/2023/04/Distribution-Difference-between-Hotel-PMS-Channel-Manager-OTAs-and-Booking-Engine.webp
83,The Complete Guide to Distribution Channels in the Hotel Industry,"May 21, 2023",3 likes,https://rategaincom.wpenginepowered.com/wp-content/uploads/2023/03/Hotel-Distribution-Channels-A-Complete-Guide.webp
84,Unlocking New Revenue Streams: A Guide to Effective Channel Management for Hospitality Businesses,"May 21, 2023",3 likes,https://rategaincom.wpenginepowered.com/wp-content/uploads/2023/03/Effective-Channel-Management-for-Hospitality-Businesses.webp
85,Unveiling the Magic of Metasearch Engines: A Game Changer for Online Businesses,"May 21, 2023",2 likes,https://rategaincom.wpenginepowered.com/wp-content/uploads/2023/05/Metasearch-Engines-A-Game-Changer-for-Online-Businesses.webp
86,Where does Content Fit in the Evolution of Hotel Distribution?,"May 20, 2023",3 likes,https://rategaincom.wpenginepowered.com/wp-content/uploads/2023/05/Adapting-Hotel-Distribution-Mastering-Content-Management-for-Success.webp
87,Boost Your Hotel's Online Presence with a Hotel Content Management System,"May 19, 2023",2 likes,https://rategaincom.wpenginepowered.com/wp-content/uploads/2023/05/Boost-your-Online-Presence-with-a-Hotel-Content-Management-System.webp
88,Streamline Your Hotel Pricing Strategy with Advanced Rate Shopping Software,"May 18, 2023",2 likes,https://rategaincom.wpenginepowered.com/wp-content/uploads/2023/05/Streamlining-Hotel-Pricing-Strategy-with-Advanced-Rate-Shopping-Software.webp
89,Dynamic Pricing Strategy in Hotels for Hospitality Industry,"May 18, 2023",10 likes,https://rategaincom.wpenginepowered.com/wp-content/uploads/2016/10/Dynamic-Pricing-Strategy-for-the-Hospitality-Industry.webp
90,Hotel Pricing Strategy: Maximizing Revenue Through Effective Pricing Techniques,"May 18, 2023",5 likes,https://rategaincom.wpenginepowered.com/wp-content/uploads/2023/05/Pricing-Strategy-1-Hotel-Pricing-Strategy-for-Revenue-Maximization.webp
91,How To Use Google Hotel Ads: A Complete Guide,"May 18, 2023",5 likes,https://rategaincom.wpenginepowered.com/wp-content/uploads/2023/05/Google-Hotel-Ads-_1-How-to-use-Google-Hotel-Ads-A-Complete-Guide.webp
92,Boost Your Hotel Revenue with Efficient Hotel Inventory Management,"May 16, 2023",6 likes,https://rategaincom.wpenginepowered.com/wp-content/uploads/2023/05/Inventory-Management-4-Boost-your-Hotel-Revenue-with-Efficient-Hotel-Inventory-Management.webp
93,Cracking the Code: How to Benefit from Hotel Wholesalers,"May 16, 2023",5 likes,https://rategaincom.wpenginepowered.com/wp-content/uploads/2023/05/Inventory-Management-3-How-can-you-Benefit-from-Hotel-Wholesalers.webp
94,8 Easy Tips for Hotel Revenue Managers to Cope With Rate Parity Issues,"May 15, 2023",6 likes,https://rategaincom.wpenginepowered.com/wp-content/uploads/2023/05/Rate-Parity-_2-Important-Tips-to-cope-up-with-Rate-Parity-Issues.webp
95,What is Hotel Rate Parity? Why is it Important in the Hotel Industry?,"May 15, 2023",5 likes,https://rategaincom.wpenginepowered.com/wp-content/uploads/2023/05/Rate-Parity-_1-What-is-Hotel-Rate-Parity-Why-is-it-Important.webp
96,18 Factors to Consider before Investing in Channel Manager for Your Hotel,"May 14, 2023",4 likes,https://rategaincom.wpenginepowered.com/wp-content/uploads/2016/03/Channel-Management-2-Critical-Factors-to-Consider-before-you-Invest-in-a-Hotel-Channel-Manager.webp
97,Crucial Hotel Sales Strategies to Boost Occupancy and Revenue,"May 14, 2023",4 likes,https://rategaincom.wpenginepowered.com/wp-content/uploads/2023/05/Hotel-Sales-Strategy-Crucial-Hotel-Sales-Strategies-to-Boost-Occupancy-and-Revenue.webp
98,What is a Hotel Channel Manager? How Do You Choose the Perfect One?,"May 14, 2023",5 likes,https://rategaincom.wpenginepowered.com/wp-content/uploads/2023/05/Channel-Management-1-What-is-a-channel-manager.webp
99,How Can Content Solve The Expectation Gap for Hotels?,"May 13, 2023",5 likes,https://rategaincom.wpenginepowered.com/wp-content/uploads/2023/05/Content-Management-5-How-Can-Content-Solve-The-Expectation-Gap-for-Hotels.webp
100,Changing Markets Post-Pandemic: Guest Behaviors Changing Booking Inspiration,"May 11, 2023",4 likes,https://rategaincom.wpenginepowered.com/wp-content/uploads/2023/05/Changing-Markets-Post-Pandemic-Guest-Behaviors-Changing-Booking-Inspiration.png
101,What is Hotel Occupancy Rate? How to Calculate it?,"May 6, 2023",7 likes,https://rategaincom.wpenginepowered.com/wp-content/uploads/2023/05/Occupancy-Rate-and-calculation.webp
102,Is RevPAR the Best Metric to Measure Profitability?,"May 5, 2023",4 likes,https://rategaincom.wpenginepowered.com/wp-content/uploads/2023/05/Is-RevPAR-the-Best-Metric-to-Measure-Profitability-scaled.webp
103,Why Should Hotels Update Content On OTAs Frequently?,"May 5, 2023",5 likes,https://rategaincom.wpenginepowered.com/wp-content/uploads/2023/05/Content-Management-4-Why-Should-Hotels-Update-Content-on-OTAs-Frequently.webp
104,Why Metasearch is critical for your Direct Bookings Strategy,"May 4, 2023",4 likes,https://rategaincom.wpenginepowered.com/wp-content/uploads/2023/05/Why-Metasearch-is-critical-for-your-hotels-Direct-Bookings-Strategy-scaled.webp
105,Why Content on OTAs is Critical for Improving Conversion Rates,"May 3, 2023",4 likes,https://rategaincom.wpenginepowered.com/wp-content/uploads/2023/05/Content-Management-3-Why-Content-on-OTAs-is-Critical-for-Improving-Conversion-Rates-scaled.webp
106,How do Hotels Distribute Inventory to Drive Bookings,"May 3, 2023",4 likes,https://rategaincom.wpenginepowered.com/wp-content/uploads/2023/05/How-do-Hotels-Distribute-Inventory-to-Drive-Bookings-scaled.webp
107,What is RevPAR ? Why does it Matter?,"May 1, 2023",4 likes,https://rategaincom.wpenginepowered.com/wp-content/uploads/2023/05/What-is-RevPAR-scaled.webp
108,A Complete Guide to Hotel Marketing Strategy for 2023,"April 30, 2023",3 likes,https://rategaincom.wpenginepowered.com/wp-content/uploads/2023/01/A-Complete-Guide-to-Hotel-Marketing-Strategy-_1_.webp
109,Latin America’s Hospitality Industry is Ready to Take the AI Leap into the Future,"April 27, 2023",4 likes,https://rategaincom.wpenginepowered.com/wp-content/uploads/2023/04/Latin-Americas-Hospitality-Industry-is-Ready-to-Take-the-AI-Leap-into-the-Future-1.jpg
110,Sustainability: The Conversation We Need To Have With ChatGPT Today,"April 27, 2023",4 likes,https://rategaincom.wpenginepowered.com/wp-content/uploads/2023/06/Kamesh-Shukla-on-Sustainable-Travel.webp
111,Here's Why You Should Care About Hotel Content Management & Distribution,"April 22, 2023",7 likes,https://rategaincom.wpenginepowered.com/wp-content/uploads/2023/04/Content-Management-2-Why-Should-You-Care-About-Hotel-Content-Management-Distribution-scaled.webp
112,Why Ease of Use is the Core of any Booking Engine?,"April 15, 2023",7 likes,https://rategaincom.wpenginepowered.com/wp-content/uploads/2023/04/Why-Ease-of-Use-is-the-Core-of-any-Booking-Engine.webp
113,Why is Security Critical for a Booking Engine?,"April 14, 2023",7 likes,https://rategaincom.wpenginepowered.com/wp-content/uploads/2023/05/Why-is-Security-Critical-for-a-Hotel-Booking-Engine-scaled.webp
114,Thank You Booking.com For Showing Us The Future,"April 13, 2023",4 likes,https://rategaincom.wpenginepowered.com/wp-content/uploads/2023/04/boooking-com-blog-1.jpg
115,How to Evaluate a Booking Engine?,"April 13, 2023",7 likes,https://rategaincom.wpenginepowered.com/wp-content/uploads/2023/05/How-do-you-Evaluate-a-Hotel-Booking-Engine-scaled.webp
116,All You Need to Know About a Hotel Booking Engine,"April 12, 2023",3 likes,https://rategaincom.wpenginepowered.com/wp-content/uploads/2023/05/All-You-Need-to-Know-About-a-Hotel-Booking-Engine-scaled.webp
117,Revolutionizing Guest Experiences and Revenue Management with AI,"April 6, 2023",9 likes,https://rategaincom.wpenginepowered.com/wp-content/uploads/2023/04/MicrosoftTeams-image-8.jpg
118,What is Direct Booking?,"April 5, 2023",9 likes,https://rategaincom.wpenginepowered.com/wp-content/uploads/2023/04/what-is-a-direct-booking.jpg
119,The Relevance of Content for Hotels,"April 1, 2023",4 likes,https://rategaincom.wpenginepowered.com/wp-content/uploads/2023/04/Content-Management-1-What-is-the-Relevance-of-Content-for-Hotels-scaled.webp
120,Leading the Way: Top 8 Hospitality Technology Trends to Watch in 2023,"March 21, 2023",6 likes,https://rategaincom.wpenginepowered.com/wp-content/uploads/2023/03/MicrosoftTeams-image-2-1.jpg
121,A Complete Guide to Hotel Connectivity & Distribution,"March 21, 2023",3 likes,https://rategaincom.wpenginepowered.com/wp-content/uploads/2023/03/A-Complete-Guide-to-Hotel-Connectivity-_-Distribution.webp
122,Revolutionizing the Hospitality Industry: The Role of Advanced Channel Managers in Driving Hotel Business Growth,"March 16, 2023",4 likes,https://rategaincom.wpenginepowered.com/wp-content/uploads/2023/03/MicrosoftTeams-image-3-1.jpg
123,What are Hotel Industry Statistics?,"March 6, 2023",4 likes,https://rategaincom.wpenginepowered.com/wp-content/uploads/2023/05/What-are-the-Key-Hotel-Industry-Statistics-scaled.webp
124,The Data Goldmine: The 3 Step Process to Unlocking the Power of Guest Data,"February 15, 2023",4 likes,https://rategaincom.wpenginepowered.com/wp-content/uploads/2023/02/MicrosoftTeams-image-1.jpg
125,How To Use Guest Messaging To Improve Revenue,"January 31, 2023",4 likes,https://rategaincom.wpenginepowered.com/wp-content/uploads/2023/01/How-To-Use-Guest-Messaging-To-Improve-Revenue.jpg
126,Spin Around the Challenges of an Economic Downturn with AI-Enabled Solutions,"January 30, 2023",3 likes,https://rategaincom.wpenginepowered.com/wp-content/uploads/2023/01/MicrosoftTeams-image.jpg
127,What is a Hotel Property Management System (PMS)?,"January 23, 2023",4 likes,https://rategaincom.wpenginepowered.com/wp-content/uploads/2019/04/hotel-revenue-management-system-900x450.jpg
128,Unlocking A New Level Of Luxury For Dubai: The Rising Need For Technology,"January 20, 2023",3 likes,https://rategaincom.wpenginepowered.com/wp-content/uploads/2023/01/creating-a-picture-perfect-guest-experience-in-dubai.jpg
129,Troubleshooting Guest Engagement: Is the Answer in the Palm of your Hands? ,"January 6, 2023",5 likes,https://rategaincom.wpenginepowered.com/wp-content/uploads/2023/01/MicrosoftTeams-image-6.jpg
130,No Shortage of Guest Engagement Despite Labour Shortage in the UK: Why Technology is the Answer,"December 23, 2022",4 likes,https://rategaincom.wpenginepowered.com/wp-content/uploads/2022/12/uk-banner-1.jpg
131,Journey to better guest satisfaction: Why digitisation is the shortcut you need,"December 16, 2022",3 likes,https://rategaincom.wpenginepowered.com/wp-content/uploads/2022/12/engage-banner-1.jpg
132,7 Tips for A Booking-friendly Hotel Website,"December 12, 2022",3 likes,https://rategaincom.wpenginepowered.com/wp-content/uploads/2022/12/7-tips-for-a-booking-friendly-hotel-website-blog-banner.jpg
133,The Problem In Paradise: What The Hotels Of Maldives Need To Know,"December 6, 2022",3 likes,https://rategaincom.wpenginepowered.com/wp-content/uploads/2022/12/Top-banner-2.jpg
134,The Good Side Of AI: Read Between The Lines To Understand Your Guests’ Feelings,"November 11, 2022",2 likes,https://rategaincom.wpenginepowered.com/wp-content/uploads/2022/11/sentiment-mapping-1-1.jpg
135,Preparing for the Future of Air Travel Demand,"November 4, 2022",1 like,https://rategaincom.wpenginepowered.com/wp-content/uploads/2022/10/Preparing-for-the-Future-of-Air-Travel-Demand.jpg
136,Digital Hospitality: No Longer An Oxymoron,"November 3, 2022",1 like,https://rategaincom.wpenginepowered.com/wp-content/uploads/2022/11/Digital-Hosp_Banner-1-scaled.jpg
137,Peak Experience For The Peak Season,"October 27, 2022",2 likes,https://rategaincom.wpenginepowered.com/wp-content/uploads/2022/10/Peak-Experience-For-Peak-Season.webp
138,Forward-looking Insights on Travel Demand: Top Trending Cities in Asia (Oct – Dec 2022),"October 24, 2022",2 likes,https://rategaincom.wpenginepowered.com/wp-content/uploads/2022/10/Forward-looking-Insights-on-Travel-Demand-Top-Trending-Cities-in-Asia.webp
139,Guest Dissatisfaction: De-mystified,"October 19, 2022",2 likes,https://rategaincom.wpenginepowered.com/wp-content/uploads/2022/10/Guest-Dissatisfaction.webp
140,Beyond Just Emojis: Leveraging WhatsApp To Improve Guest Experience,"October 11, 2022",2 likes,https://rategaincom.wpenginepowered.com/wp-content/uploads/2022/10/beyond-just-blog-img.webp
141,Experiences Above All:  The Long and Short of Guest Experiences,"October 6, 2022",1 like,https://rategaincom.wpenginepowered.com/wp-content/uploads/2022/10/guests-experience.webp
142,Humans Of RateGain: Q&A With Mark Haywood,"October 4, 2022",1 like,https://rategaincom.wpenginepowered.com/wp-content/uploads/2022/10/Rategain-Partnership.webp
143,India’s Festive Season Travel Outlook,"October 3, 2022",2 likes,https://rategaincom.wpenginepowered.com/wp-content/uploads/2022/10/ezgif.com-gif-maker-6.webp
144,Productivity For The Front Desk: What Has Changed,"September 27, 2022",3 likes,https://rategaincom.wpenginepowered.com/wp-content/uploads/2022/09/Productivity-For-The-Front-Desk-What-Has-Changed.webp
145,How Can Scoring Content Help Hotels Drive More Bookings,"September 20, 2022",3 likes,https://rategaincom.wpenginepowered.com/wp-content/uploads/2022/09/Drive-more-bookings.webp
146,New Data Sources To Help Commercial Teams Make Better Decisions,"September 20, 2022",3 likes,https://rategaincom.wpenginepowered.com/wp-content/uploads/2022/09/New-Data-Sources-that-can-help-commercial-teams-make-better-decisions-1.webp
147,Hotel Online Bookings Can Be More Profitable,"September 20, 2022",3 likes,https://rategaincom.wpenginepowered.com/wp-content/uploads/2022/09/Hotel-Online-Bookings-Can-Be-More-Profitable.webp
148,Bridging Silos in Commercial Teams Post Pandemic,"August 25, 2022",7 likes,https://rategaincom.wpenginepowered.com/wp-content/uploads/2022/08/Post-pandemic.webp
149,Data Transparency: The New Way to Collaborate in Commercial Teams,"August 25, 2022",7 likes,https://rategaincom.wpenginepowered.com/wp-content/uploads/2022/08/Data-Transparency.webp
150,Are Middle East Hoteliers Ready for the Next Big Shift?,"July 18, 2022",5 likes,https://rategaincom.wpenginepowered.com/wp-content/uploads/2022/07/Are-Middle-East-Hoteliers-Ready-for-the-Next-Big-Shift.jpg
151,Artificial Intelligence in the Hospitality Industry : The Future,"July 13, 2022",6 likes,https://rategaincom.wpenginepowered.com/wp-content/uploads/2022/06/Blog-En-2-1.jpg
152,What is Engage-AI? What are the benefits of using Engage-AI?,"July 7, 2022",7 likes,https://rategaincom.wpenginepowered.com/wp-content/uploads/2022/06/Blog-En-1.jpg
153,Enjoy Greater Conversions by Offering Mobile Rates to your Prospective Customers,"June 30, 2022",7 likes,https://rategaincom.wpenginepowered.com/wp-content/uploads/2022/06/Enjoy-greater-conversions-by-offering-Mobile-Rates-to-your-prospective-customers.jpg
154,Improving Business by Offering Country Rates to Prospective Customers,"June 21, 2022",6 likes,https://rategaincom.wpenginepowered.com/wp-content/uploads/2022/06/Improving-Business-by-Offering-Country-Rates-to-Prospective-Customers.jpg
155,The Role of Metasearch in Pandemic Recovery,"May 31, 2022",6 likes,https://rategaincom.wpenginepowered.com/wp-content/uploads/2022/05/The-Role-of-Metasearch-in-Pandemic-Recovery.jpg
156,Why Forward-looking Demand Intelligence is all the More Important for a Destination and it's DMO Today?,"March 31, 2022",5 likes,https://rategaincom.wpenginepowered.com/wp-content/uploads/2022/03/Actionable-Accurate-Demand-Intelligence-for-DMOs-and-DMCs-1.jpg
157,How to Become a Genius and Drive-up Hotel Visibility and Occupancy Rates!,"March 10, 2022",5 likes,https://rategaincom.wpenginepowered.com/wp-content/uploads/2022/03/RateGain-RezGain-Become-a-Genius-and-drive-sales-banner.jpg
158,Airline Traveler Forecast: Can it help in anticipating demand better?,"March 9, 2022",6 likes,https://rategaincom.wpenginepowered.com/wp-content/uploads/2022/03/Leveling-up-Demand-Forecasting-through-Airline-Traveller-Forecast-3.jpg
159,How can User Experience Help Revenue Managers? Ask AirGain,"January 13, 2022",3 likes,https://rategaincom.wpenginepowered.com/wp-content/uploads/2022/01/AirGain-new-blog.jpg
160,The Travel Manifesto for 2022,"December 24, 2021",9 likes,https://rategaincom.wpenginepowered.com/wp-content/uploads/2021/12/RateGain-Blog-Booking-Travel-Manifesto-for-2022.jpg
161,Marketing Technology in a Data-Driven Era,"October 22, 2021",8 likes,https://rategaincom.wpenginepowered.com/wp-content/uploads/2021/10/Data-Driven-1.jpg
162,Usability and Accessibility – How they are making AirGain smarter for you!,"October 5, 2021",10 likes,https://rategaincom.wpenginepowered.com/wp-content/uploads/2021/10/Usability-and-Accessibility-How-they-are-making-AirGain-smarter-for-you.jpg
163,Is The Future Of Forecasting Clear For Revenue Managers?,"September 29, 2021",10 likes,https://rategaincom.wpenginepowered.com/wp-content/uploads/2021/09/Is-The.jpg
164,How Revenue Managers Can Be Future Ready For The Next Crisis,"September 23, 2021",9 likes,https://rategaincom.wpenginepowered.com/wp-content/uploads/2021/09/How-revenue-managers-can-be-future-ready-for-the-next-crisis.jpg
165,CarGain Canvas: Analytics that give you 360 degree control over your market,"September 1, 2021",3 likes,https://rategaincom.wpenginepowered.com/wp-content/uploads/2021/09/CarGain-Canvas.jpg
166,What Signals is the Summer of 2021 Giving Car Rentals?,"July 8, 2021",4 likes,https://rategaincom.wpenginepowered.com/wp-content/uploads/2021/07/What-signals-is-the-summer-of-2021-giving-car-rentals.jpg
167,WHAT ARE YOUR PRONOUNS?,"June 25, 2021",9 likes,https://rategaincom.wpenginepowered.com/wp-content/uploads/2021/06/Inter-blog-1.jpg
168,Bringing More Speed and Agility to Airline Pricing for the Post-COVID Revenue Manager,"June 15, 2021",5 likes,https://rategaincom.wpenginepowered.com/wp-content/uploads/2021/06/Unearthing-the-power-and-simplicity-of-bulk-update-and-report-generation-on-AirGain-2.jpeg
169,The Current State of Airline Pricing post-Covid,"May 3, 2021",5 likes,https://rategaincom.wpenginepowered.com/wp-content/uploads/2021/05/How-to-Capture-Rate-Integrity-Issues-in-the-Most-Simplified-Way-copy-1024x536-1.jpg
170,How can hoteliers get 2021 right with a solid pricing strategy as volatility in recovery persists,"May 3, 2021",5 likes,https://rategaincom.wpenginepowered.com/wp-content/uploads/2021/04/How-to-Capture-Rate-Integrity-Issues-in-the-Most-Simplified-Way-copy-1024x536-1.jpg
171,Why We Must Tell a Visual Data Story,"April 30, 2021",5 likes,https://rategaincom.wpenginepowered.com/wp-content/uploads/2021/04/Why-we-data-story.jpg
172,Airlines Revenue Management Checklist for 2021,"April 29, 2021",5 likes,https://rategaincom.wpenginepowered.com/wp-content/uploads/2021/04/The-Revenue-Management-Checklist-for-2021-3.jpg
173,"Cap on Wedding Guests Might Pinch, But It's a Necessary Evil","December 25, 2020",3 likes,https://rategaincom.wpenginepowered.com/wp-content/uploads/2020/12/Cap-on-wedding-guests-might-pinch-but-its-a-necessary-evil-3.jpg
174,"We have been Profitable Since Inception: Yogeesh Chandra- Global Head of Corporate Development, RateGain","December 22, 2020",3 likes,https://rategaincom.wpenginepowered.com/wp-content/uploads/2020/12/We-have-been-profitable-since-inception-3.jpg
175,Some Employees are Getting a New Job…At Their Old Job,"December 21, 2020",5 likes,https://rategaincom.wpenginepowered.com/wp-content/uploads/2020/12/Some-employees-are-getting-a-new-job-1.jpg
176,Visioning The Post-COVID Era In Revenue Management,"December 21, 2020",5 likes,https://rategaincom.wpenginepowered.com/wp-content/uploads/2020/12/Hospitality-Banner-no-cta.jpg
177,50% Rise in Bookings Not Enough for India to Catch Up With Global Recovery,"December 21, 2020",5 likes,https://rategaincom.wpenginepowered.com/wp-content/uploads/2020/12/New-Deal-Europe-Weekly-Update-on-Tourism-to-the-Balkan-Region-Week-24-1.jpg
178,Tech Skills That can Rebuild the Travel Industry,"December 20, 2020",5 likes,https://rategaincom.wpenginepowered.com/wp-content/uploads/2020/12/Tech-skills-that-can-rebuild-the-travel-industry-1.jpg
179,After China can 'Revenge Travel' Happen in India?,"December 18, 2020",4 likes,https://rategaincom.wpenginepowered.com/wp-content/uploads/2020/12/After-China-can-Revenge-Travel-happen-in-India-1.jpg
180,Travel & Hospitality Sector Will Take 12-15 Months To Cross Pre-covid Level Hiring Figures: Industry Leaders,"December 16, 2020",4 likes,https://rategaincom.wpenginepowered.com/wp-content/uploads/2020/12/Travel-hospitality-sector-will-take-12-15-months-to-cross-pre-Covid-level-hiring-figures-Industry-leaders-1.jpg
181,What Hotels Need to Know About the Staycation Boom,"December 16, 2020",4 likes,https://rategaincom.wpenginepowered.com/wp-content/uploads/2020/12/What-Hotels-Need-to-Know-About-the-Staycation-Boom-1.jpg
182,Here’s How Hoteliers Can Attract New Travelers in the Post-COVID Era,"December 16, 2020",5 likes,https://rategaincom.wpenginepowered.com/wp-content/uploads/2020/12/Linkedin-no-cta.jpg
183,How Airline Revenue Management and Pricing Teams Respond to Revenue Volatility?,"December 15, 2020",5 likes,https://rategaincom.wpenginepowered.com/wp-content/uploads/2020/12/How-airline-revenue-management-and-pricing-teams-respond-to-revenue-volatility-1.jpg
184,Revenue Volatility in Airlines is Here to Stay: What can Revenue & Pricing Teams do About it?,"December 15, 2020",5 likes,https://rategaincom.wpenginepowered.com/wp-content/uploads/2020/12/Revenue-volatility-in-airlines-is-here-to-stay-1.jpg
185,These New Car Rental Subscription Programs Will Get You There,"December 15, 2020",5 likes,https://rategaincom.wpenginepowered.com/wp-content/uploads/2020/12/These-New-Car-Rental-Subscription-Programs-Will-Get-You-There-2.jpg
186,"Pardon me, your politics are showing","December 12, 2020",4 likes,https://rategaincom.wpenginepowered.com/wp-content/uploads/2020/12/Pardon-me-your-politics-are-showing-1.jpg
187,"New Deal Europe Weekly Update on Tourism to the Balkan Region, Week 24","December 12, 2020",4 likes,https://rategaincom.wpenginepowered.com/wp-content/uploads/2020/12/New-Deal-Europe-Weekly-Update-on-Tourism-to-the-Balkan-Region-Week-24-1.jpg
188,See the Green Shoots of Recovery with Smart Distribution’s latest addition “Future Demand”,"October 21, 2020",5 likes,https://rategaincom.wpenginepowered.com/wp-content/uploads/2020/10/full-demand-banner-blog-1.jpg
189,Seven Tactics to Keep your Hotel's Distribution Healthy and Highly Profitable,"October 7, 2020",8 likes,https://rategaincom.wpenginepowered.com/wp-content/uploads/2020/10/Seven-Tactics-to-Keep-your-Hotels-Distribution-Healthy-and-Highly-Profitable-1.jpg
190,Bespoke Strategies for Opening the Doors to the European Market,"August 25, 2020",7 likes,https://rategaincom.wpenginepowered.com/wp-content/uploads/2020/08/Bespoke-Strategies-for-Opening-the-Doors-to-the-European-Market.jpg
191,A New Era of Exploration is Coming to Hoteliers. Stay Tuned!,"August 20, 2020",4 likes,https://rategaincom.wpenginepowered.com/wp-content/uploads/2020/08/A-New-Era-of-Exploration-is-Coming-to-Hoteliers.-Stay-Tuned.jpg
192,Perspectives with Saurabh Prakash: How Hotels Can Get Digital Right for Recovery,"August 14, 2020",4 likes,https://rategaincom.wpenginepowered.com/wp-content/uploads/2020/08/millienium-1.jpg
193,Perspectives with Debojo: How Survival Became A Success Metric at SpiceJet,"July 22, 2020",6 likes,https://rategaincom.wpenginepowered.com/wp-content/uploads/2020/07/Spice-Blog-Blog.jpg
194,Strategies for Hoteliers to Get Back to Business for UK Market,"July 20, 2020",6 likes,https://rategaincom.wpenginepowered.com/wp-content/uploads/2020/07/UK-Blog-Banner-1.jpg
195,Strategies for Hoteliers to Get Back to Business for Europe Market,"July 20, 2020",9 likes,https://rategaincom.wpenginepowered.com/wp-content/uploads/2020/07/Blog-Banner-EU-1.jpg
196,"Perspectives #8 with Ajay Bakaya, Managing Director, Sarovar Hotels and Resorts","July 14, 2020",4 likes,https://rategaincom.wpenginepowered.com/wp-content/uploads/2020/07/Perspectives-8-with-Ajay-Bakaya-Managing-Director-Sarovar-Hotels-and-Resorts.jpg
197,Re-Taking The Skies : What Can Commercial Teams Do To Gear Up For A Full Return Of Airline Travel In The New Normal,"June 30, 2020",3 likes,https://rategaincom.wpenginepowered.com/wp-content/uploads/2020/06/Global-Aviation-Banner.jpg
198,React to Competitive Prices in Real Time with RateGain’s OPTIMA MarketDrone,"June 15, 2020",4 likes,https://rategaincom.wpenginepowered.com/wp-content/uploads/2020/06/React-to-Competitive-Prices-in-Real-Time-with-RG.jpg
199,Watch Your Language! Content in the New Hospitality Landscape,"June 2, 2020",4 likes,https://rategaincom.wpenginepowered.com/wp-content/uploads/2020/06/Hospitality-net-banner.jpg
200,Keeping Lights on During the Current COVID Crisis!,"May 5, 2020",4 likes,https://rategaincom.wpenginepowered.com/wp-content/uploads/2020/05/Keeping-Lights-On-During-CoronaVirus-Crisis.jpg
201,"Hoteliers, Spot New Markets to Create New Revenues in a Post-COVID 19 World","April 23, 2020",11 likes,https://rategaincom.wpenginepowered.com/wp-content/uploads/2020/04/distribution-blog-1200x628-2-1.jpg
202,Social Media During COVID-19: Tourism Brands That Got It Right,"April 21, 2020",8 likes,https://rategaincom.wpenginepowered.com/wp-content/uploads/2020/04/Social-Media-During-COVID-19-Tourism-Brands-That-Got-It-Right.jpg
203,We Are Bracing Ourselves: Are You?,"March 20, 2020",12 likes,https://rategaincom.wpenginepowered.com/wp-content/uploads/2020/03/Covid-Blog.jpg
204,How to Capture Rate Integrity Issues in the Most Simplified Way,"March 11, 2020",10 likes,https://rategaincom.wpenginepowered.com/wp-content/uploads/2020/02/How-to-Capture-Rate-Integrity-Issues-in-the-Most-Simplified-Way-copy-1024x536-1.jpg
205,Top 3 Rate Disparity Cases Acceptable to a Revenue Manager,"March 4, 2020",13 likes,https://rategaincom.wpenginepowered.com/wp-content/uploads/2020/02/accpteable.jpg
206,Rate Integrity: A Brand New Way of Increasing Direct Bookings,"February 27, 2020",8 likes,https://rategaincom.wpenginepowered.com/wp-content/uploads/2020/02/Rate-Integrity-A-Brand-New-Way-of-Increasing-Direct-Bookings-.jpg
207,Why Choose Rate Intelligence Over Rate Shopping?,"February 19, 2020",11 likes,https://rategaincom.wpenginepowered.com/wp-content/uploads/2020/02/Why-Choose-Rate-Intelligence-Over-Rate-Shopping-1.jpg
208,Why a Rate Intelligence Experience Should Have the Best Art & Science Behind it,"February 5, 2020",11 likes,https://rategaincom.wpenginepowered.com/wp-content/uploads/2020/02/Why-a-Rate-Intelligence-Experience-Should-Have-the-Best-Art-Science-Behind-it-v2-copy-1.jpg
209,Our Point of View on the Modern Age Distribution Ecosystem,"January 31, 2020",6 likes,https://rategaincom.wpenginepowered.com/wp-content/uploads/2020/01/Distribution-blog-banner.jpg
210,Are You Leading A Future-Ready HR?,"January 29, 2020",7 likes,https://rategaincom.wpenginepowered.com/wp-content/uploads/2020/01/HR-blog.jpg
211,5 Ways to Ace Hospitality Marketing in 2020,"January 20, 2020",5 likes,https://rategaincom.wpenginepowered.com/wp-content/uploads/2020/01/5-Ways-to-Ace-Hospitality-Marketing-in-2020.jpg
212,Why UX is Instrumental for Revenue Management,"January 14, 2020",16 likes,https://rategaincom.wpenginepowered.com/wp-content/uploads/2020/01/RateGain-Leveraging-UI-to-Create-Value_Blog.jpg
213,Visualizing Data Like a Pro: The Key to Unlock the Data Gold Mine,"December 17, 2019",13 likes,https://rategaincom.wpenginepowered.com/wp-content/uploads/2019/12/Visualizing-Data-Like-a-Pro-The-Key-to-Unlock-the-Data-Gold-Mine.jpg
214,Smart Shopping for Data: Driving Analytics Excellence in the Airlines Industry,"December 4, 2019",5 likes,https://rategaincom.wpenginepowered.com/wp-content/uploads/2019/12/Smart-Shopping-for-Data-Blog.jpg
215,"Mr. Hotelier, Four Signs It is Time to Change your Distribution Partner","November 29, 2019",5 likes,https://rategaincom.wpenginepowered.com/wp-content/uploads/2019/11/Four-Signs-It-is-Time-to-Change-your-Distribution-Partner-5.jpg
216,Adopting SCRUM in the Organization’s People Processes,"November 22, 2019",3 likes,https://rategaincom.wpenginepowered.com/wp-content/uploads/2019/11/Navigating-Constant-Consolidation-banner.jpg
217,How to Deliver Value In The Era Of Hospitality Industry Consolidation?,"November 19, 2019",4 likes,https://rategaincom.wpenginepowered.com/wp-content/uploads/2019/11/Navigating-Constant-Consolidation-banner.jpg
218,What will define Long Term Success for Airlines,"November 11, 2019",8 likes,https://rategaincom.wpenginepowered.com/wp-content/uploads/2019/11/airline.jpg
219,Challenges for Airline Revenue Managers Beyond 2020,"October 23, 2019",9 likes,https://rategaincom.wpenginepowered.com/wp-content/uploads/2019/10/Airline-Revenue-Manager-PR-2.jpg
220,Navigating Constant Consolidation,"October 21, 2019",8 likes,https://rategaincom.wpenginepowered.com/wp-content/uploads/2019/10/Airline-Revenue-Manager-Blog.jpg
221,Our point of view on Distribution Journey,"October 17, 2019",8 likes,https://rategaincom.wpenginepowered.com/wp-content/uploads/2019/10/Distribution-blog-banner.jpg
222,Putting User Experience at the center of a new problem,"October 15, 2019",10 likes,https://rategaincom.wpenginepowered.com/wp-content/uploads/2019/10/ui-banner-1.jpg
223,The Last Distribution Challenge,"October 15, 2019",2 likes,https://rategaincom.wpenginepowered.com/wp-content/uploads/2019/10/Re-Configuring-The-Distribution-Models-For-The-Next-Gen-Distribution-Ecosystem.jpg
224,Can Car Rental analytics help make better investment decisions?,"October 4, 2019",8 likes,https://rategaincom.wpenginepowered.com/wp-content/uploads/2019/09/Can-Car-Rental-analytics-help-make-better-investment-decisions-2.jpg
225,Top 3 considerations for blueprinting your content transformation,"September 21, 2019",7 likes,https://rategaincom.wpenginepowered.com/wp-content/uploads/2019/09/blog-post.jpg
226,The Path to A Shared Future: Can car rentals help in turning around the industry slowdown ?,"September 11, 2019",7 likes,https://rategaincom.wpenginepowered.com/wp-content/uploads/2019/09/cargain.jpg
227,Delivering Duty of Care in the Age of Corporate Rogue Travel,"August 21, 2019",5 likes,https://rategaincom.wpenginepowered.com/wp-content/uploads/2019/08/Delivering-Duty-of-Care-in-the-Age-of-Corporate-Rogue-Travel.jpg
228,Who is winning the experience game in travel and hospitality?,"July 22, 2019",2 likes,https://rategaincom.wpenginepowered.com/wp-content/uploads/2019/07/Who-is-winning-the-experience-game-in-travel-and-hospitality-1.jpg
229,Airlines: Soaring on Ancillary Revenue,"July 18, 2019",5 likes,https://rategaincom.wpenginepowered.com/wp-content/uploads/2019/07/Airlines-Soaring-on-Ancillary-Revenue.jpg
230,Transaction Tracking and Analytics: Steering Car Rental,"June 24, 2019",5 likes,https://rategaincom.wpenginepowered.com/wp-content/uploads/2019/06/car.jpg
231,Enhancing Car Rental Revenue Management with AI-driven Dynamic Pricing,"June 24, 2019",5 likes,https://rategaincom.wpenginepowered.com/wp-content/uploads/2019/06/car1.jpg
232,Busting a billion-dollar digital myth for cruise lines!,"February 8, 2019",6 likes,https://rategaincom.wpenginepowered.com/wp-content/uploads/2019/04/Cruise-Image-1218x609.jpg
233,The future of distribution strategy at your doorstep,"September 24, 2018",4 likes,https://rategaincom.wpenginepowered.com/wp-content/uploads/2019/04/Dss-Blog-1200x600.jpg
234,"‘A Thousand Words’: Why Great Visuals Speak Directly, Fluently and Effortlessly","August 27, 2018",4 likes,https://rategaincom.wpenginepowered.com/wp-content/uploads/2019/04/2-brandgain-1200x600.jpg
235,New Age Data is Driving Growth for Travel Package Providers,"August 24, 2018",3 likes,https://rategaincom.wpenginepowered.com/wp-content/uploads/2019/04/1-packages-1200x600.jpg
236,7 Top Trends In Hotel Distribution Today,"July 13, 2018",3 likes,https://rategaincom.wpenginepowered.com/wp-content/uploads/2019/04/Distribution-900x450.jpg
237,HRS Selects RateGain as its Channel Management Partner for their newest connectivity platform,"May 4, 2018",3 likes,https://rategaincom.wpenginepowered.com/wp-content/uploads/2019/04/Retagain_HRS-1-764x382.jpg
238,Code Itineraries: A road map for the travel industry to unlock one trillion dollars in value by 2025,"April 11, 2018",3 likes,https://rategaincom.wpenginepowered.com/wp-content/uploads/2019/04/code_itinerary1-534x267.jpg
239,5 Ways to Improve Your Hotel's Visibility within Search Engines,"April 9, 2018",3 likes,https://rategaincom.wpenginepowered.com/wp-content/uploads/2019/04/SEO_HOTEL-1-650x325.png
240,It's 100% pure adrenaline! Introducing Distribution Strategy Studio,"January 11, 2018",3 likes,https://rategaincom.wpenginepowered.com/wp-content/uploads/2019/04/madrid-TT-hres-2011_8-xlarge-1280x640.jpg
241,Your Hotel Reputation Matters to Your Revenue,"December 11, 2017",4 likes,https://rategaincom.wpenginepowered.com/wp-content/uploads/2019/04/bigstock-Reputation-Management-147765833-2800x1400-scaled.jpg
242,"Hoteliers, Take a Re-look at Parity and Prevent Revenue Leakages","November 23, 2017",3 likes,https://rategaincom.wpenginepowered.com/wp-content/uploads/2019/04/revenu_leakage_banner_mail1-754x377.jpg
243,Building the Perfect Revenue Strategy Is Not Enough; Advanced Hotel Revenue Management Tool is a Must!,"November 13, 2017",3 likes,https://rategaincom.wpenginepowered.com/wp-content/uploads/2019/04/bigstock-Increase-Sales-Revenue-66983953-765x382-764x382.jpg
244,Travel Industry is Already Using Geo-based Competitive Price Tracking; Act Now Before Its Too Late,"November 3, 2017",4 likes,https://rategaincom.wpenginepowered.com/wp-content/uploads/2019/04/Geo-pricing-764x382.png
245,We Bet You Will Not Want to Miss The Benefits of a Comprehensive Hotel Price Intelligence Solution!,"October 25, 2017",4 likes,https://rategaincom.wpenginepowered.com/wp-content/uploads/2019/04/pricing-764x382.jpg
246,Tracking Mobile App Rates of Your Competition is a MUST for Your Price Strategy!,"October 11, 2017",3 likes,https://rategaincom.wpenginepowered.com/wp-content/uploads/2019/04/bigstock-202739491-2800x1400-scaled.jpg
247,Will Artificial Intelligence Replace Human Intelligence in Revenue Management and Pricing Analysis?,"September 29, 2017",3 likes,https://rategaincom.wpenginepowered.com/wp-content/uploads/2019/04/Artificial_Intelligence-764x382.jpg
248,7 Fundamental Hotel Marketing Strategies To Stand Out From Your Competition,"September 21, 2017",4 likes,https://rategaincom.wpenginepowered.com/wp-content/uploads/2017/09/bigstock-Digital-Marketing-New-Startup-190890487-2800x1400-1.jpg
249,Design an Effective Hotel Guest Loyalty Program to Increase Hotel Bookings and Revenue,"September 18, 2017",4 likes,https://rategaincom.wpenginepowered.com/wp-content/uploads/2019/04/bigstock-Loyalty-Program-145042721-2800x1400-scaled.jpg
250,Yield Management in Hospitality - Important for Efficient Revenue Management Strategy,"September 14, 2017",3 likes,https://rategaincom.wpenginepowered.com/wp-content/uploads/2019/04/bigstock-192270436-2800x1400-scaled.jpg
251,What Makes Your Guests The Promoters of Your Brand?,"September 7, 2017",3 likes,https://rategaincom.wpenginepowered.com/wp-content/uploads/2019/04/bigstock-193620838-3000x1500-scaled.jpg
252,The Role and Future of Technology in Travel Industry,"August 28, 2017",3 likes,https://rategaincom.wpenginepowered.com/wp-content/uploads/2019/04/Social-media-travel-industry-300x207-1-1100x759-1-570x285.jpg
253,New Consumer Review Dashboard For Hotels,"August 21, 2017",3 likes,https://rategaincom.wpenginepowered.com/wp-content/uploads/2019/04/BG_blog_banner2-764x382-764x382.jpg
254,Measuring Demand in Your City will Skyrocket your Revenue - Here is How!,"August 21, 2017",3 likes,https://rategaincom.wpenginepowered.com/wp-content/uploads/2019/04/hotelier-demand-forecasting-762x381-1.jpg
255,7 Best Methods to Gather Quality Guest Feedback,"August 16, 2017",2 likes,https://rategaincom.wpenginepowered.com/wp-content/uploads/2019/04/bigstock-Business-Man-Select-Happy-156570752-2800x1400-scaled.jpg
256,"The Brilliant Hotelier: Face To Face With Panayiotis Kyprianou From Thanos Resorts & Spas, Cyprus","August 14, 2017",4 likes,https://rategaincom.wpenginepowered.com/wp-content/uploads/2019/04/G8H6842-1-4896x2448-scaled.jpg
257,"Hotels, Utilize Closed User Group (CUG) Customers to Increase Revenue Through Direct Bookings","August 8, 2017",4 likes,https://rategaincom.wpenginepowered.com/wp-content/uploads/2017/08/bigstock-Support-Help-Unity-Togethernes-118375838-2800x1400-1.jpg
258,Create a Revenue Centric Culture in your Hotel by Integrating Technology,"August 2, 2017",4 likes,https://rategaincom.wpenginepowered.com/wp-content/uploads/2019/04/bigstock-Teamwork-And-Integration-Conce-66966004-2800x1400-scaled.jpg
259,"Hoteliers, Are You Using Mobile to Support Your Online Reputation Management?","July 31, 2017",4 likes,https://rategaincom.wpenginepowered.com/wp-content/uploads/2019/04/bigstock-Reputation-Popular-Ranking-Hon-184164262-3596x1798-scaled.jpg
260,7 Practical tips to improve online reviews of your hotel,"July 25, 2017",4 likes,https://rategaincom.wpenginepowered.com/wp-content/uploads/2019/04/bigstock-Online-Reviews-Evaluation-Time-185136694-2800x1400-scaled.jpg
261,14 Features to Consider Before Your Hotel Decides to Devote In a Channel Manager,"July 24, 2017",4 likes,https://rategaincom.wpenginepowered.com/wp-content/uploads/2016/03/Channel-Management-Features-to-Choose-the-Right-Hotel-Channel-Manager.webp
262,Managing Hotel Guest Sentiment and Online Presence to Create Revenue Centric Culture,"July 19, 2017",4 likes,https://rategaincom.wpenginepowered.com/wp-content/uploads/2019/04/bigstock-Business-Man-Select-Happy-156570752-2800x1400-scaled.jpg
263,"Hoteliers, You Need a Channel Manager with an Edge to Stand out from Competition","July 18, 2017",3 likes,https://rategaincom.wpenginepowered.com/wp-content/uploads/2019/04/Distribution-900x450.jpg
264,"Hoteliers, Learn How to Create A Revenue Centric Culture in Your Hotel","July 10, 2017",4 likes,https://rategaincom.wpenginepowered.com/wp-content/uploads/2019/04/bigstock-Increase-Sales-Revenue-66983953-765x382-764x382-1.jpg
265,"Hoteliers, Learn About The Growing Importance of Hotel Online Reputation Management","July 4, 2017",4 likes,https://rategaincom.wpenginepowered.com/wp-content/uploads/2019/04/bigstock-Reputation-Management-145495634-2800x1400-scaled.jpg
266,How to Make Restaurant’s Online Reputation a Secret Sauce in Enhancing your Hotel Brand?,"June 28, 2017",4 likes,https://rategaincom.wpenginepowered.com/wp-content/uploads/2019/04/restaurant_online_repuptation2-870x435.jpg
267,Engaging Travelers Through Social Media Can Reap Umpteen Benefits for Hotels,"June 19, 2017",4 likes,https://rategaincom.wpenginepowered.com/wp-content/uploads/2019/04/hotel-social-media-960x480.jpg
268,Approach For A Balanced Hotel Distribution Strategy - Learn Why Hotels Should Adopt It,"June 14, 2017",2 likes,https://rategaincom.wpenginepowered.com/wp-content/uploads/2019/04/channelmanager-1094x547.png
269,9 Tips to Build a Hotel’s Facebook Strategy & Improve Guest Experience,"June 6, 2017",3 likes,https://rategaincom.wpenginepowered.com/wp-content/uploads/2019/04/facebook_bannerImg-764x382.jpg
270,Top Trends: Millennial Travelers & the Hospitality Sector,"May 30, 2017",3 likes,https://rategaincom.wpenginepowered.com/wp-content/uploads/2019/04/4FA1CA06CC244CDA241A54F378ACCCBFD4056C5D0D5865A59Fpimgpsh_fullsize_distr-764x382.jpg
271,Evolving Role Of Hotel Revenue Manager - Part 4,"May 26, 2017",2 likes,https://rategaincom.wpenginepowered.com/wp-content/uploads/2019/04/blog_img-764x382.jpg
272,The Evolving Role of Revenue Managers - Part 3,"May 24, 2017",3 likes,https://rategaincom.wpenginepowered.com/wp-content/uploads/2019/04/bigstock-Competitive-Edge-119382113-2800x1400-scaled.jpg
273,The Evolving Role Of Hotel Revenue Managers – Part 2,"May 17, 2017",3 likes,https://rategaincom.wpenginepowered.com/wp-content/uploads/2019/04/bigstock-165382157-2800x1400-scaled.jpg
274,How Your Hotel distribution & Online Reputation Strategy is key to RevPAR Management,"May 15, 2017",3 likes,https://rategaincom.wpenginepowered.com/wp-content/uploads/2019/04/bigstock-184358374-3000x1500-scaled.jpg
275,The Evolving Role of Hotel Revenue Managers - Part 1,"May 10, 2017",3 likes,https://rategaincom.wpenginepowered.com/wp-content/uploads/2019/04/bigstock-Finance-Report-Concept-Flat-S-124822064-3000x1500-scaled.jpg
276,5 Effective Ways Hotels Could Conduct Guest Surveys and Loyalty Programs,"May 2, 2017",3 likes,https://rategaincom.wpenginepowered.com/wp-content/uploads/2019/04/bigstock-Business-Man-Select-Happy-156570752-2800x1400-scaled.jpg
277,"Hoteliers, Are Vacation Rentals Eating Your Lunch?","April 26, 2017",3 likes,https://rategaincom.wpenginepowered.com/wp-content/uploads/2017/04/vacation-rental_airbnb-1428x714-1024x512-1.jpg
278,The Future of Hotel Revenue Management – BOTs or Humans?,"April 18, 2017",3 likes,https://rategaincom.wpenginepowered.com/wp-content/uploads/2019/04/artificial-intelligence-risk-reward-now-labs-2088x1044.jpg
279,"Hoteliers, Learn How to Overcome the Challenges in Online Reputation Management","April 14, 2017",3 likes,https://rategaincom.wpenginepowered.com/wp-content/uploads/2019/04/bigstock-Business-Or-Marketing-Concept-181728700-1-617x308.jpg
280,Managing Seasonal Market Changes to Ensure your Hotel Stays on Top - Part 4,"April 13, 2017",4 likes,https://rategaincom.wpenginepowered.com/wp-content/uploads/2019/04/Seasonality-356x178.png
281,Managing Seasonal Market Changes to Ensure your Hotel Stays on Top - Part 3,"April 11, 2017",3 likes,https://rategaincom.wpenginepowered.com/wp-content/uploads/2019/04/bigstock-Competitive-Advantage-Concept-118415714-2750x1375-scaled.jpg
282,Managing Seasonal Market Changes to Ensure your Hotel Stays on Top - Part 2,"April 7, 2017",4 likes,https://rategaincom.wpenginepowered.com/wp-content/uploads/2019/04/bigstock-Businessman-Hand-Drawing-Sales-118618487-3800x1900-scaled.jpg
283,Managing Seasonal Market Changes to Ensure your Hotel Stays on Top - Part 1,"April 3, 2017",3 likes,https://rategaincom.wpenginepowered.com/wp-content/uploads/2019/04/bigstock-153294449-3000x1500-scaled.jpg
284,"Hoteliers, Beat the Competition and Be The Market Leaders By Adopting Automation","March 27, 2017",2 likes,https://rategaincom.wpenginepowered.com/wp-content/uploads/2019/04/automation-764x382-764x382.jpg
285,How Can Hotels Use Google to Maximise their Online Presence?,"March 17, 2017",2 likes,https://rategaincom.wpenginepowered.com/wp-content/uploads/2019/04/google_banner_img-764x382.jpg
286,Revenue Management & Marketing Automation can Help Independent Hotels Stay Ahead,"March 14, 2017",4 likes,https://rategaincom.wpenginepowered.com/wp-content/uploads/2019/04/bigstock-Action-Plan-Action-Plan-Str-159437243-2800x1400-scaled.jpg
287,"Hoteliers, Design Your Revenue Management Strategy in Pre-Opening Stage","March 2, 2017",4 likes,https://rategaincom.wpenginepowered.com/wp-content/uploads/2019/04/bigstock-133294829-2800x1400-scaled.jpg
288,"Hoteliers, Keep a Track of Events and Holidays To Increase your Revenue Many Folds","February 20, 2017",3 likes,https://rategaincom.wpenginepowered.com/wp-content/uploads/2019/04/bigstock-Calendar-Note-Schedule-Memo-Ma-148425554-2800x1400-scaled.jpg
289,3 Effective Hotel Pricing Strategy Can Boost Your Hotel Revenue,"February 13, 2017",5 likes,https://rategaincom.wpenginepowered.com/wp-content/uploads/2019/04/bigstock-Pricing-Strategy-141013019-2800x1400-scaled.jpg
290,How to Manage Hotel's Online Reviews & Guest Experience,"February 2, 2017",3 likes,https://rategaincom.wpenginepowered.com/wp-content/uploads/2019/04/hotel-reviews-760x380.jpg
291,Why Should Hotels Pay Special Attention to Demand Forecasting?,"January 25, 2017",3 likes,https://rategaincom.wpenginepowered.com/wp-content/uploads/2019/04/hotelier-demand-forecasting-762x381.jpg
292,RateGain’s Top 12 Blogs of 2016,"January 3, 2017",4 likes,https://rategaincom.wpenginepowered.com/wp-content/uploads/2019/04/Final-White-3-800x400.png
293,Managing Real-Time Room Inventories Across Multiple OTAs,"December 27, 2016",2 likes,https://rategaincom.wpenginepowered.com/wp-content/uploads/2019/04/otas-versus-branddotcom-1740x870.png
294,"The Brilliant Hotelier: Face 2 Face with Ria Roberto, the Director of Revenue Management at Kenz Hotel Management, UAE","December 19, 2016",2 likes,https://rategaincom.wpenginepowered.com/wp-content/uploads/2019/04/al-manzel-3-1024x763-1024x512.jpg
295,Be the Revenue Management Hero of your Hotel,"November 28, 2016",4 likes,https://rategaincom.wpenginepowered.com/wp-content/uploads/2019/04/rev_hero_img-472x236.jpg
296,Tips to Build Customer Loyalty for Your Restaurant,"November 21, 2016",4 likes,https://rategaincom.wpenginepowered.com/wp-content/uploads/2019/04/restaurant-948x474.jpg
297,"Systems Reliability, A Necessity for Hotel Operations: Part 2","November 18, 2016",4 likes,https://rategaincom.wpenginepowered.com/wp-content/uploads/2019/04/bigstock-Summer-Vacation-And-Online-Boo-98043824-1-300x141-282x141.jpg
298,Is Your Hotel United by Goals but Divided by Systems?,"November 16, 2016",4 likes,https://rategaincom.wpenginepowered.com/wp-content/uploads/2019/04/sdf-740x370.jpg
299,"The Brilliant Hotelier: Face 2 Face with I Nyoman Astama, General Manager of the Bali Niksoma Boutique Beach Resort","November 15, 2016",4 likes,https://rategaincom.wpenginepowered.com/wp-content/uploads/2019/04/bali-niksoma2-1024x544-1024x512.jpg
300,"Systems Reliability, A Necessity for Hotel Operations: Part 1","November 11, 2016",3 likes,https://rategaincom.wpenginepowered.com/wp-content/uploads/2019/04/Novotel_Muenchen_M_3050027c-460x230.jpg
301,Is your Hotel Website Ready for Google's Latest Mobile Updates,"November 8, 2016",3 likes,https://rategaincom.wpenginepowered.com/wp-content/uploads/2019/04/Google-update-mobile-friendly-850x425.png
302,Optimize Your Hotel’s SEO and Mobile Strategy,"November 3, 2016",4 likes,https://rategaincom.wpenginepowered.com/wp-content/uploads/2019/04/bigstock-130275857-900x450.jpg
303,"The Brilliant Hotelier: Face 2 Face with Stavros Drakou, Director at Cyprotels Hotels and Resorts, Cyprus","November 2, 2016",1 like,https://rategaincom.wpenginepowered.com/wp-content/uploads/2019/04/cypro-900x450.png
304,What’s spookier than Halloween for Hoteliers?,"October 26, 2016",2 likes,https://rategaincom.wpenginepowered.com/wp-content/uploads/2019/04/pumpkins-3-849x424.jpg
305,"The Brilliant Hotelier: Face 2 Face with Trisna Widia, Marketing & E-Commerce Manager, Prime Plaza Hotels and Resorts, Indonesia","October 6, 2016",2 likes,https://rategaincom.wpenginepowered.com/wp-content/uploads/2019/04/PPHotels-768x1024-768x384.jpg
306,How to Increase Hotel Direct Bookings? Don’t Ignore the Role of a Booking Engine,"September 26, 2016",2 likes,https://rategaincom.wpenginepowered.com/wp-content/uploads/2019/04/drive-direct-bookings-1024x512-1024x512.jpg
307,Weary of Disruption? 5 Simple Steps to Disrupt the Disruptions in the Rapidly Changing Hospitality Industry,"September 21, 2016",2 likes,https://rategaincom.wpenginepowered.com/wp-content/uploads/2019/04/Disruption3-420x210.jpg
308,Disruption in the Hotel Industry and Changing Face of the Global Travel Market,"September 16, 2016",2 likes,https://rategaincom.wpenginepowered.com/wp-content/uploads/2019/04/fdg-440x220.jpg
309,"The Brilliant Hotelier: Tête-à-Tête with Richard Lewis, the CEO of Landmark Hotels, Dubai","September 15, 2016",3 likes,https://rategaincom.wpenginepowered.com/wp-content/uploads/2019/04/df-1430x715.jpg
310,"Hotels, Are You Prepared for Digital Detox Travelers?","September 6, 2016",4 likes,https://rategaincom.wpenginepowered.com/wp-content/uploads/2019/04/No-wifi-image-568x284.jpg
311,"The Brilliant Hotelier: Face 2 Face with the Revenue Director at J5 Rimal Hotel Apartments, Dubai","September 2, 2016",4 likes,https://rategaincom.wpenginepowered.com/wp-content/uploads/2019/04/J5-Rimal-900x450.jpg
312,How Hotels of Tomorrow are Improving Guest Experience with Technology?,"September 1, 2016",4 likes,https://rategaincom.wpenginepowered.com/wp-content/uploads/2019/04/fg-584x292.jpg
313,How can Hotels Generate More Revenue from Customer Loyalty - Part II,"August 25, 2016",3 likes,https://rategaincom.wpenginepowered.com/wp-content/uploads/2019/04/make-hotel-revenue-customer-loyalty-1430x715.jpg
314,How can Hotels Generate More Revenue from Customer Loyalty - Part I,"August 19, 2016",3 likes,https://rategaincom.wpenginepowered.com/wp-content/uploads/2019/04/expert-1718x859.jpg
315,5 Things About Hotel Revenue Management Your Boss Wants to Know – Part II,"July 28, 2016",2 likes,https://rategaincom.wpenginepowered.com/wp-content/uploads/2019/04/blog-900x450.jpg
316,5 Things About Hotel Revenue Management Your Boss Wants to Know - Part I,"July 22, 2016",3 likes,https://rategaincom.wpenginepowered.com/wp-content/uploads/2019/04/bigstock-Increase-Sales-Revenue-66983953-765x382-764x382-1.jpg
317,"Hotels, Improve your Online Distribution Strategy with Six Simple Tips","July 12, 2016",3 likes,https://rategaincom.wpenginepowered.com/wp-content/uploads/2019/04/channelmanager-1094x547.png
318,How to Ensure the Demand Generated is Translated into Increased Revenues?,"July 11, 2016",3 likes,https://rategaincom.wpenginepowered.com/wp-content/uploads/2019/04/hotel-revenue-management-system-900x450.jpg
319,"Brexit: The Impact on Travel and Tourism Industry, Now and Later","June 27, 2016",3 likes,https://rategaincom.wpenginepowered.com/wp-content/uploads/2019/04/Brexit-900x450.jpg
320,Create a new chapter in the relationship between Your Hotel & Guests with Chat Tools,"June 21, 2016",3 likes,https://rategaincom.wpenginepowered.com/wp-content/uploads/2019/04/guest-satisfaction-900x450.jpg
321,Effective Ways to Measure & Generate Demand – Part IV,"June 17, 2016",2 likes,https://rategaincom.wpenginepowered.com/wp-content/uploads/2019/04/Online-Guest-Reviews-hotels-900x450.jpg
322,Effective Ways to Measure & Generate Demand - Part II,"June 15, 2016",3 likes,https://rategaincom.wpenginepowered.com/wp-content/uploads/2019/04/hotel-demand-900x450.jpg
323,Effective Ways to Measure & Generate Demand – Part III,"June 15, 2016",4 likes,https://rategaincom.wpenginepowered.com/wp-content/uploads/2019/04/Way-connection-or-Common-Pool-Inventory-963x481.png
324,Effective Ways to Measure and Generate Demand - Part I,"May 17, 2016",4 likes,https://rategaincom.wpenginepowered.com/wp-content/uploads/2019/04/rate-intelligence-900x450.jpg
325,8 Top Tips to Choose the Right Hotel Channel Manager,"May 3, 2016",4 likes,https://rategaincom.wpenginepowered.com/wp-content/uploads/2016/03/Channel-Management-Top-Tips-to-Choose-the-Right-Hotel-Channel-Manager.webp
326,Comparing and Contrasting Industry Problems with Revenue Optimisation,"April 27, 2016",4 likes,https://rategaincom.wpenginepowered.com/wp-content/uploads/2019/04/Rev1-699x349.jpg
327,"Unity for Revenue Management: An Interview With the Revenue Analyst at The Manila Hotel, Philippines","April 14, 2016",5 likes,https://rategaincom.wpenginepowered.com/wp-content/uploads/2019/04/Louie-Reyes.jpg
328,How to Choose the Right Rate Optimisation Tool for Your Hotel?,"April 6, 2016",5 likes,https://rategaincom.wpenginepowered.com/wp-content/uploads/2019/04/rate-900x450.jpg
329,Airbnb: An Alternate Lodging Threat to Hotels?,"March 21, 2016",4 likes,https://rategaincom.wpenginepowered.com/wp-content/uploads/2019/04/london-e2-678x339.jpg
330,Did You Know? It’s critical to Push Rates along with Occupancy,"February 19, 2016",4 likes,https://rategaincom.wpenginepowered.com/wp-content/uploads/2019/04/shutterstock_828033041-300x150.jpg
331,Hotel Demand Forecasting: Top 3 Ways Hoteliers Can Leverage this Strategic Management Tool,"February 12, 2016",4 likes,https://rategaincom.wpenginepowered.com/wp-content/uploads/2019/04/room-forecasting-1216x608.jpg
332,7 Quick Tips For Your Hotel Pre-Opening In 2017,"February 12, 2016",4 likes,https://rategaincom.wpenginepowered.com/wp-content/uploads/2019/04/dfs-1024x683-1024x512.jpg
333,Zika virus outbreak:  Is tourism industry in Central and South America on risk?,"February 8, 2016",4 likes,https://rategaincom.wpenginepowered.com/wp-content/uploads/2019/04/Zika-586x293.png
334,9 Undeniable Advantages of Hotel Room Forecasting,"January 3, 2016",4 likes,https://rategaincom.wpenginepowered.com/wp-content/uploads/2019/04/business-ohot-762x381.jpg
335,Golden Rules to Make the Most of Your Hotel’s Facebook Page,"December 15, 2015",3 likes,https://rategaincom.wpenginepowered.com/wp-content/uploads/2019/04/hotel-social-media-960x480.jpg
336,A Revenue Management mistake that you need to avoid today,"October 23, 2015",2 likes,https://rategaincom.wpenginepowered.com/wp-content/uploads/2019/04/comp-sets-838x419.jpg
337,The UK RevPAR Growth Story: Promises and Challenges,"October 19, 2015",2 likes,https://rategaincom.wpenginepowered.com/wp-content/uploads/2019/04/london-e2-678x339-1.jpg
338,How to improve your hotel's online reputation using a 100 year old mathematics principle,"July 16, 2015",4 likes,https://rategaincom.wpenginepowered.com/wp-content/uploads/2019/04/pareto-e-700x350.jpg
339,RevPar Growth in Europe: The top three cities,"June 4, 2015",2 likes,https://rategaincom.wpenginepowered.com/wp-content/uploads/2019/04/europe-revpar-growth_rategain-700x350.png
